Elevator,Maids Room,Built in Kitchen Appliances,Pets Allowed,Natural Gas,Pool,Private Garden,Covered Parking,Electricity Meter,Balcony,Central A/C & heating,Water Meter,Landline,Security,Amenities_ID
0,0,1,1,1,1,1,1,1,1,0,1,1,1,1
0,1,1,1,1,1,1,1,1,1,1,1,1,1,2
1,1,0,1,1,1,1,1,1,1,0,1,1,1,3
0,0,0,0,0,0,0,0,0,1,0,0,0,0,4
0,0,0,0,0,0,0,0,0,0,0,0,0,0,5
0,0,0,0,1,0,0,1,1,1,0,1,1,1,6
0,0,0,0,1,0,0,1,0,1,0,0,1,0,7
0,0,0,0,0,1,0,1,0,1,0,0,0,1,8
1,1,1,0,1,0,0,1,1,1,1,1,1,1,9
0,0,0,0,1,0,1,1,1,0,1,1,0,1,10
1,0,0,1,1,0,0,1,1,1,0,1,1,1,11
1,1,0,1,1,1,0,1,1,1,1,1,1,1,12
0,0,0,0,0,0,0,1,0,1,0,0,0,1,13
0,0,0,1,0,0,0,0,1,1,0,0,0,1,14
0,0,1,1,1,0,0,0,1,1,0,1,1,0,15
1,1,0,1,1,0,1,0,1,1,0,1,1,0,16
1,0,0,0,1,0,1,1,1,1,0,1,1,0,17
1,0,0,0,1,0,0,0,1,1,0,0,0,0,18
0,0,0,1,1,0,1,1,0,1,1,1,1,1,19
0,0,0,0,1,0,0,0,0,1,0,0,0,0,20
1,1,0,1,1,1,0,0,1,1,0,1,1,1,21
0,0,0,0,1,0,1,0,1,0,0,1,1,1,22
0,0,0,1,0,0,0,0,0,1,0,0,0,0,23
1,1,0,1,1,0,0,1,1,1,0,1,1,1,24
1,0,0,0,0,0,0,0,1,0,0,0,0,0,25
1,0,0,0,1,0,0,0,0,0,0,0,1,0,26
1,0,0,1,0,1,0,1,0,1,0,0,0,1,27
0,0,0,0,1,1,0,1,1,1,0,1,0,0,28
0,0,0,1,1,1,1,1,1,0,0,1,0,0,29
1,1,0,1,1,0,0,0,1,1,0,1,0,0,30
0,0,0,0,1,1,1,0,1,0,0,1,0,0,31
1,0,0,0,0,0,0,1,1,1,0,0,1,0,32
0,1,1,1,0,1,0,1,0,1,1,0,0,1,33
0,0,1,1,1,0,0,1,1,1,1,1,1,1,34
1,0,1,1,1,0,0,0,1,1,1,1,1,1,35
0,0,1,1,1,0,0,1,1,0,0,1,1,1,36
0,0,0,0,1,1,0,1,0,1,0,0,0,1,37
0,1,0,0,1,0,0,1,1,1,0,1,1,1,38
0,0,0,1,1,1,1,0,1,0,0,1,0,0,39
0,0,0,1,1,1,1,1,1,0,0,1,0,1,40
0,0,0,0,1,0,1,1,1,1,0,0,0,0,41
0,0,0,1,1,1,0,0,1,0,0,1,0,0,42
0,1,0,1,1,1,1,1,1,1,0,1,0,1,43
1,1,1,1,1,1,1,1,1,1,0,1,1,1,44
0,0,0,0,1,0,0,0,1,1,0,1,1,1,45
0,0,1,1,0,0,1,1,1,1,1,1,0,1,46
0,0,0,1,1,1,0,1,1,1,0,0,1,1,47
0,0,0,1,0,1,1,1,0,0,0,0,0,1,48
0,0,0,1,0,1,1,1,0,0,0,0,0,0,49
0,0,0,1,1,1,1,1,1,1,0,1,1,1,50
1,1,1,1,1,0,1,1,1,1,1,1,1,1,51
0,1,0,1,0,0,1,0,0,1,0,0,0,1,52
0,0,1,1,1,1,1,1,1,1,1,1,1,1,53
1,1,1,1,1,0,0,1,1,1,1,1,1,1,54
1,0,0,0,1,0,0,0,1,0,0,1,0,0,55
1,0,1,0,1,0,0,0,1,1,0,1,1,1,56
0,0,0,1,1,0,1,1,1,1,0,1,1,1,57
1,1,0,1,1,1,1,0,1,1,0,1,0,1,58
0,0,0,0,0,0,1,0,1,0,0,0,0,0,59
1,0,0,0,1,0,0,0,0,1,1,0,0,1,60
1,0,0,1,0,1,1,0,1,1,0,0,0,1,61
1,0,0,1,0,1,0,1,1,1,0,1,1,1,62
0,0,0,0,1,0,0,1,1,0,0,0,1,0,63
0,0,0,0,0,0,0,0,1,0,0,1,0,0,64
0,0,0,0,1,0,0,1,1,0,0,1,0,0,65
1,0,0,0,1,0,0,0,1,0,0,1,0,1,66
1,0,0,1,1,0,0,1,1,1,0,1,0,1,67
1,0,0,0,0,0,0,0,1,0,0,1,1,0,68
0,0,0,0,1,0,0,0,1,0,0,1,0,0,69
0,0,1,1,1,0,0,0,1,1,0,1,1,1,70
0,0,1,1,1,1,1,1,1,0,0,1,1,1,71
0,0,0,0,0,0,0,1,0,0,0,0,0,0,72
0,0,1,0,0,0,0,0,0,1,0,1,1,1,73
0,0,0,0,0,0,0,0,0,1,0,0,0,1,74
0,0,0,0,0,0,0,0,1,1,0,1,0,1,75
1,0,0,0,1,0,0,0,1,0,0,1,1,0,76
1,1,0,1,1,0,1,1,1,1,0,1,1,1,77
1,0,1,0,1,0,0,0,1,1,1,1,0,0,78
1,0,0,1,1,0,0,1,1,1,1,1,1,1,79
0,0,1,1,1,0,1,0,1,1,1,1,1,0,80
0,0,0,0,1,0,0,0,1,1,0,0,0,0,81
1,0,0,1,0,1,1,1,1,1,0,1,0,1,82
1,0,0,0,1,0,0,0,1,1,0,0,0,1,83
1,0,0,1,0,1,1,1,1,1,0,1,1,1,84
1,0,0,1,0,0,0,0,1,1,0,1,0,0,85
1,0,1,1,1,0,0,1,1,1,1,1,1,1,86
1,0,0,0,1,1,0,1,1,1,1,1,1,1,87
0,0,0,0,0,0,0,0,0,0,1,0,0,1,88
1,0,0,1,0,0,0,1,1,0,0,1,0,1,89
0,0,0,1,1,1,0,1,1,0,0,1,0,0,90
0,0,0,1,1,0,0,1,1,1,0,1,0,1,91
1,0,0,0,1,0,0,0,1,1,0,1,1,1,92
1,0,0,0,0,0,0,1,1,1,0,1,0,0,93
0,0,1,1,0,1,1,1,1,1,0,1,0,1,94
1,0,0,0,0,1,0,0,1,1,0,1,1,1,95
0,0,1,0,1,0,0,0,1,0,0,0,0,0,96
0,0,0,0,0,0,1,0,0,0,0,0,0,0,97
0,0,1,1,1,1,1,1,1,0,0,1,1,0,98
1,0,0,1,1,1,0,1,1,1,0,1,1,1,99
0,0,0,1,1,0,1,1,1,0,0,1,1,1,100
0,0,1,0,0,0,1,1,0,1,1,0,0,1,101
0,0,1,1,1,0,1,1,1,0,0,1,1,0,102
1,0,0,1,1,0,0,0,1,1,0,0,1,1,103
0,0,0,0,0,0,1,0,0,1,0,0,0,1,104
0,0,0,0,1,0,0,0,1,1,0,1,0,0,105
0,0,0,1,0,0,0,0,0,1,0,0,0,1,106
1,0,0,0,0,0,0,0,0,1,0,0,0,1,107
0,0,0,0,0,0,0,0,1,1,0,1,0,0,108
0,1,0,1,0,0,0,0,0,1,0,0,0,1,109
0,0,0,0,0,1,1,0,0,0,0,0,0,1,110
1,0,0,0,0,0,0,0,1,1,0,1,0,0,111
0,0,0,0,1,0,1,0,1,1,0,1,1,0,112
1,0,0,0,0,0,0,1,1,1,1,1,1,1,113
1,0,0,0,0,0,0,1,1,1,0,0,0,0,114
1,0,0,1,1,0,1,0,1,1,1,1,1,1,115
1,0,1,0,1,1,1,1,1,1,0,1,1,1,116
1,1,1,1,1,1,0,1,1,1,1,1,1,1,117
1,0,0,0,1,0,0,1,1,0,0,1,1,0,118
0,1,0,0,0,0,1,0,0,1,0,0,0,1,119
1,0,0,1,0,1,1,0,0,1,0,0,1,1,120
1,0,0,0,1,0,0,0,1,1,0,1,0,1,121
1,0,0,1,1,1,0,0,1,1,0,1,1,1,122
1,0,0,1,1,1,1,1,1,1,1,1,1,1,123
0,0,1,1,0,0,1,1,0,1,1,0,0,1,124
1,0,0,0,1,0,0,1,0,1,0,0,1,1,125
0,0,1,0,1,0,0,0,1,0,0,1,1,0,126
1,0,0,0,0,0,0,1,1,0,0,1,0,0,127
1,0,1,0,1,0,0,1,1,1,1,1,0,1,128
0,1,0,1,0,1,1,1,0,1,1,0,0,1,129
1,1,1,1,1,1,1,1,1,1,1,1,1,1,130
1,0,1,1,1,0,0,0,1,1,0,1,0,1,131
0,1,1,1,1,1,1,1,1,0,0,1,1,0,132
1,0,0,1,1,0,0,1,1,0,0,0,1,1,133
1,0,0,1,0,0,1,1,1,0,1,1,1,1,134
0,0,0,0,1,0,1,1,1,0,0,1,0,0,135
1,0,0,0,1,0,0,0,0,0,0,0,0,0,136
0,0,0,1,1,0,0,0,1,1,0,0,1,1,137
0,0,0,1,0,0,0,1,0,1,0,0,0,1,138
0,0,0,0,1,0,1,1,0,0,0,0,1,1,139
1,0,0,0,0,0,0,0,0,1,0,0,0,0,140
0,0,1,1,1,1,1,1,1,0,0,0,1,1,141
0,0,1,1,1,0,0,0,1,1,1,1,1,0,142
1,0,0,1,1,1,1,1,1,1,0,1,1,1,143
0,0,1,1,0,1,1,1,0,1,0,0,0,0,144
0,0,1,0,1,0,0,0,1,0,0,1,0,0,145
1,0,0,1,1,0,0,1,1,1,0,1,0,0,146
1,0,0,0,0,0,0,0,1,0,0,1,0,0,147
1,1,0,1,0,1,1,1,1,1,0,1,0,1,148
0,0,0,0,0,0,1,1,1,0,0,1,0,0,149
0,0,1,0,1,1,1,1,1,1,1,1,1,1,150
0,1,0,1,1,1,0,1,1,1,0,1,1,1,151
0,0,0,1,1,1,1,1,1,0,0,1,1,1,152
1,0,0,0,1,0,0,0,0,0,0,1,1,1,153
0,0,1,0,1,1,1,1,1,1,1,1,0,1,154
0,0,0,0,0,0,0,0,1,1,0,0,0,0,155
1,0,0,1,1,1,0,1,1,1,0,1,0,1,156
0,0,1,0,1,1,1,1,1,0,0,1,1,0,157
1,0,0,1,0,1,0,0,0,1,0,0,0,1,158
0,0,1,1,1,1,0,1,1,1,1,1,1,1,159
0,0,1,1,0,0,1,1,0,1,0,0,0,0,160
0,0,1,1,0,1,1,1,0,1,0,0,0,1,161
0,0,0,1,1,1,1,1,0,0,0,1,1,1,162
0,0,0,0,0,0,1,1,0,0,0,0,0,0,163
0,0,1,1,0,0,1,1,0,1,1,1,0,1,164
0,0,1,0,1,1,1,1,1,1,1,0,1,1,165
0,0,1,1,1,0,1,1,1,1,1,0,1,1,166
0,0,0,1,1,1,0,1,1,1,0,1,1,1,167
0,0,1,1,1,0,0,1,1,0,0,1,1,0,168
0,1,1,0,0,0,1,1,0,1,1,0,0,1,169
0,0,0,1,1,0,0,0,1,0,0,1,1,0,170
0,0,1,1,0,1,1,1,1,0,0,0,1,0,171
1,0,0,1,0,0,0,0,0,0,0,0,1,1,172
1,1,0,1,1,0,0,0,1,1,0,1,1,1,173
0,0,1,0,0,1,1,1,0,0,0,0,0,0,174
0,0,0,1,0,0,0,1,1,1,0,1,0,1,175
0,0,0,1,1,0,1,1,1,0,0,1,0,1,176
0,0,0,0,1,0,0,0,0,0,0,0,0,1,177
0,0,0,0,0,0,0,0,0,0,0,0,0,1,178
0,1,0,1,0,1,0,1,0,1,0,0,0,1,179
0,0,0,1,0,1,1,1,0,1,0,0,0,0,180
0,0,0,0,1,0,0,1,1,0,0,0,0,1,181
0,0,0,0,1,0,1,1,1,1,0,1,1,1,182
0,0,0,1,1,0,0,1,1,1,0,0,1,1,183
0,0,1,1,0,0,1,1,0,0,0,0,0,0,184
0,0,0,1,0,0,1,1,0,0,0,0,0,1,185
0,0,1,1,1,0,1,1,1,1,1,1,1,1,186
1,1,1,1,1,0,1,1,1,1,1,1,1,0,187
1,0,0,1,0,1,1,1,0,1,0,0,0,1,188
0,0,0,1,0,0,1,1,1,0,0,0,0,1,189
0,0,0,0,1,0,0,0,0,0,0,1,1,0,190
1,0,0,0,1,0,0,0,1,1,0,1,0,0,191
0,0,0,0,0,1,0,0,0,0,0,0,0,0,192
0,0,0,1,0,0,0,1,1,0,0,1,0,0,193
0,1,0,1,0,1,1,1,0,1,0,0,0,1,194
0,0,0,1,0,0,0,1,1,1,0,0,0,1,195
0,0,1,0,1,0,0,0,1,1,0,1,1,0,196
0,0,0,1,0,0,1,1,0,1,0,0,0,1,197
0,0,0,1,0,0,1,1,1,0,0,1,0,0,198
0,0,0,1,0,1,0,1,1,0,0,1,0,1,199
0,0,0,1,0,1,0,1,1,0,0,0,0,0,200
0,0,0,0,1,0,0,1,0,1,0,0,0,0,201
0,1,1,1,1,0,1,1,1,1,1,1,1,1,202
0,0,0,1,1,1,0,1,1,1,0,1,0,1,203
0,1,0,1,1,0,1,1,1,1,0,1,1,1,204
1,0,0,0,0,1,0,1,1,1,0,1,1,1,205
1,0,1,1,1,0,1,0,1,1,1,1,1,1,206
1,0,0,0,0,0,0,1,1,1,0,1,1,1,207
0,0,1,0,0,0,0,0,0,0,0,0,0,0,208
0,0,0,1,1,0,0,1,1,1,0,1,1,1,209
1,1,1,1,1,0,0,1,1,1,0,1,1,1,210
0,0,0,1,0,0,1,1,1,1,0,1,1,1,211
0,0,0,0,0,0,1,1,1,1,0,0,0,0,212
0,0,0,0,0,1,1,0,1,0,0,1,0,1,213
1,0,0,1,1,1,1,1,1,1,0,1,0,1,214
1,0,0,0,1,0,0,0,1,1,0,1,1,0,215
0,0,0,1,1,1,0,0,1,0,0,1,0,1,216
0,0,0,0,0,0,1,0,1,1,0,1,0,1,217
0,1,0,1,1,0,1,0,1,0,0,1,0,0,218
1,0,0,1,1,0,1,0,1,1,0,1,0,1,219
0,0,0,0,1,0,0,0,1,0,0,1,1,0,220
1,0,0,0,0,0,0,1,0,0,1,0,0,1,221
0,0,0,1,1,0,1,1,1,1,1,1,1,1,222
0,0,0,0,0,0,0,1,1,0,0,1,0,1,223
0,0,0,1,1,1,1,0,1,1,0,1,1,1,224
1,0,0,0,0,0,0,0,1,1,0,1,1,1,225
0,0,0,0,0,0,1,1,1,0,0,0,0,0,226
1,0,0,0,1,0,0,1,1,1,0,1,1,1,227
1,0,0,1,0,0,0,0,0,1,0,0,0,1,228
1,0,0,1,1,0,0,0,1,1,0,1,1,1,229
0,0,0,1,1,0,1,1,1,0,0,1,1,0,230
0,0,1,0,1,0,0,1,1,1,1,1,0,1,231
0,0,0,1,0,0,1,0,0,0,0,0,0,1,232
1,1,0,1,1,1,1,1,1,1,1,1,1,1,233
0,1,0,1,1,1,1,1,1,1,0,1,1,1,234
0,0,1,1,1,0,1,1,1,1,0,1,1,1,235
0,1,1,1,1,1,1,1,1,1,0,1,1,1,236
1,0,1,0,1,0,0,0,1,1,0,1,1,0,237
1,0,0,1,0,1,0,0,0,1,0,0,1,1,238
0,0,0,1,1,0,0,1,0,0,0,1,1,0,239
0,0,0,1,1,0,0,1,1,1,0,1,0,0,240
0,0,0,0,0,0,1,1,0,1,0,0,0,1,241
0,1,1,1,1,1,1,1,1,0,1,1,1,1,242
1,1,0,1,1,0,0,1,1,1,1,1,1,1,243
0,0,0,1,1,1,0,1,0,0,0,1,0,0,244
1,0,1,1,1,0,1,1,1,1,0,1,1,1,245
1,0,0,1,1,0,1,1,1,1,0,1,1,1,246
1,1,0,0,0,0,1,0,1,1,0,1,0,1,247
0,0,1,1,1,1,1,1,1,0,0,1,0,1,248
1,0,0,0,0,0,0,1,0,1,0,0,0,1,249
0,0,0,0,1,0,1,0,1,0,0,0,1,0,250
0,0,0,0,1,0,1,0,1,1,0,1,0,1,251
1,0,1,1,1,1,1,1,1,1,1,1,1,1,252
0,0,0,0,1,0,0,1,0,0,0,1,0,0,253
1,0,0,1,1,0,0,0,1,1,0,1,0,1,254
0,0,0,0,1,1,1,1,1,0,0,1,0,1,255
1,0,0,0,0,0,0,0,1,1,0,0,0,0,256
0,0,0,1,0,0,0,1,1,1,0,0,0,0,257
0,0,0,1,1,0,1,1,0,1,0,1,0,0,258
0,1,1,1,1,1,1,1,1,1,0,1,0,1,259
1,0,0,0,1,0,0,1,1,0,0,1,1,1,260
0,0,0,1,0,1,1,0,1,0,0,0,0,0,261
0,1,1,1,1,0,1,1,1,1,0,1,0,1,262
1,0,0,0,1,0,0,1,0,1,0,1,0,1,263
0,0,0,1,0,0,1,0,0,1,0,0,0,1,264
0,0,0,0,0,1,0,0,1,1,0,1,0,1,265
1,1,1,1,1,0,0,0,1,1,1,1,1,1,266
1,0,0,1,1,0,0,0,1,0,0,0,0,1,267
0,0,0,1,0,0,0,0,0,0,0,0,0,0,268
0,0,0,1,1,0,1,1,1,1,0,1,0,1,269
1,0,1,1,1,1,1,1,1,1,0,1,1,1,270
1,0,0,0,1,0,0,0,1,0,0,0,1,0,271
0,0,0,1,1,0,0,1,1,0,0,0,1,0,272
1,0,1,0,1,1,0,1,1,1,0,1,1,1,273
1,0,0,1,0,0,0,0,0,0,0,1,0,1,274
0,0,0,1,1,0,1,1,1,1,0,1,1,0,275
1,0,0,1,0,0,0,1,0,1,0,0,0,1,276
0,0,0,0,1,0,0,1,1,0,0,1,1,1,277
1,0,0,0,0,0,0,1,1,1,1,1,0,1,278
0,1,0,1,0,0,0,1,0,1,0,1,0,1,279
1,0,1,0,1,0,1,1,1,1,0,1,1,1,280
0,0,0,0,1,0,1,1,1,1,0,0,0,1,281
0,0,0,0,0,1,0,0,0,1,0,0,0,0,282
0,0,0,1,1,1,0,1,1,0,0,1,1,0,283
1,1,0,0,1,1,1,1,1,1,1,1,1,1,284
1,0,0,0,0,0,0,0,1,1,0,1,1,0,285
1,0,0,1,1,0,0,1,1,1,0,1,1,0,286
1,0,0,0,0,0,0,0,0,0,0,0,0,0,287
0,0,0,1,0,0,1,0,1,1,0,0,0,1,288
0,0,0,0,1,1,1,0,1,0,0,1,1,1,289
0,1,0,1,1,0,1,0,1,1,0,1,0,1,290
0,0,0,0,0,0,0,1,0,1,0,0,0,0,291
0,0,0,0,1,1,0,0,1,1,0,1,0,1,292
0,0,0,1,0,1,1,1,0,1,0,0,0,1,293
0,0,1,0,0,0,1,1,0,1,0,0,0,0,294
0,0,1,0,0,1,1,1,0,0,0,0,0,1,295
1,0,0,0,1,0,0,0,1,1,0,0,1,1,296
0,0,0,1,1,1,0,1,1,0,0,1,1,1,297
1,0,0,0,1,1,0,1,1,1,0,1,1,1,298
0,0,1,1,1,0,0,1,1,0,0,0,0,0,299
0,0,1,0,1,1,1,1,1,1,0,0,0,1,300
1,0,1,0,1,0,0,0,1,0,0,1,1,1,301
1,0,1,1,0,1,0,0,1,1,0,1,1,1,302
1,0,0,0,1,0,0,0,1,0,0,0,0,0,303
0,0,0,0,0,1,0,1,0,0,0,0,0,1,304
0,0,0,0,1,0,1,0,1,1,0,0,0,1,305
0,0,0,1,1,1,1,1,1,0,0,1,1,0,306
0,1,1,1,0,1,1,1,1,0,0,1,0,1,307
0,1,0,1,0,0,1,1,0,1,1,0,0,1,308
0,1,0,0,0,0,0,0,0,0,0,0,0,0,309
0,0,0,1,1,1,0,1,1,1,0,1,1,0,310
0,0,0,1,1,0,0,0,1,1,0,1,0,1,311
0,0,1,0,1,1,1,1,1,0,0,0,1,1,312
0,0,0,0,0,0,1,1,1,1,0,0,0,1,313
0,0,0,0,0,0,1,1,0,0,0,0,0,1,314
0,1,1,0,0,0,1,1,0,0,1,0,0,1,315
0,1,1,1,1,0,0,1,1,1,1,0,1,1,316
1,0,1,0,1,0,0,1,1,1,0,1,1,1,317
1,0,0,0,1,0,1,0,1,1,0,1,0,0,318
0,0,1,0,1,1,0,1,1,1,0,0,0,1,319
0,0,0,0,0,0,0,0,1,0,0,0,0,0,320
1,0,0,0,0,0,0,1,1,1,0,1,0,1,321
1,0,0,1,1,1,0,1,1,1,1,1,1,1,322
1,1,0,1,1,1,0,1,1,1,0,0,1,1,323
1,1,0,0,0,0,0,0,0,1,0,0,0,1,324
1,0,0,1,0,0,0,0,1,1,0,1,0,1,325
0,0,1,0,1,0,1,1,1,1,0,0,0,1,326
0,0,0,0,1,1,1,0,1,1,0,1,0,1,327
0,0,1,0,1,0,0,1,1,1,0,1,1,1,328
1,0,0,0,1,0,0,0,0,1,0,1,0,0,329
0,0,1,1,1,1,1,1,1,1,1,1,0,1,330
0,0,0,0,1,0,1,0,1,0,0,0,0,1,331
1,1,1,1,1,1,1,0,1,1,1,1,1,1,332
1,0,0,1,1,0,0,0,1,0,0,1,1,0,333
0,0,1,1,1,0,0,1,1,1,1,1,1,0,334
0,0,0,0,0,1,1,0,1,1,0,1,0,1,335
0,0,0,0,1,0,1,1,1,0,0,0,1,1,336
0,0,0,0,1,0,1,1,1,0,0,0,1,0,337
1,0,0,0,1,1,0,1,0,1,0,0,1,1,338
0,0,0,0,1,0,0,1,1,0,0,0,1,1,339
1,0,0,1,1,0,0,0,0,1,0,0,1,1,340
0,0,1,1,1,0,1,1,1,1,1,1,0,1,341
1,1,0,1,1,1,1,1,1,1,0,0,1,1,342
1,0,0,0,1,0,0,1,1,0,0,1,0,1,343
1,0,0,0,0,0,0,0,0,1,0,0,1,1,344
0,0,0,1,1,0,0,1,1,0,0,1,1,0,345
0,0,1,1,1,0,0,1,1,0,1,1,1,1,346
1,0,1,1,0,0,0,0,1,1,1,1,0,1,347
0,0,1,1,1,0,0,1,1,1,0,1,0,1,348
1,1,0,1,0,0,0,1,1,1,0,1,0,1,349
1,0,0,0,1,0,0,0,1,0,0,1,1,1,350
1,1,0,1,0,0,0,1,0,1,0,0,0,1,351
1,0,0,0,0,0,0,0,1,1,1,1,0,1,352
0,0,0,0,1,0,0,0,1,1,0,1,0,1,353
0,1,0,1,0,1,1,0,0,1,0,0,0,1,354
0,1,1,1,1,0,0,0,1,1,1,1,0,0,355
0,0,0,0,1,0,0,0,1,0,0,0,1,0,356
0,0,0,1,1,0,1,1,1,1,0,0,0,1,357
1,0,0,1,1,0,0,0,1,1,1,1,1,1,358
1,0,0,0,0,0,0,0,0,0,0,1,0,0,359
1,0,0,0,1,0,0,1,0,1,0,1,0,0,360
1,1,0,1,1,0,0,1,1,1,0,1,0,1,361
0,0,1,0,1,0,0,0,1,1,1,1,1,0,362
0,0,0,1,0,1,0,1,1,1,0,1,0,1,363
1,0,1,1,1,0,0,0,1,1,1,0,1,1,364
1,1,1,1,1,0,1,0,1,1,1,1,1,1,365
1,0,1,1,1,0,0,1,1,1,1,1,1,0,366
0,0,0,1,1,0,0,0,1,1,1,1,1,1,367
1,1,0,1,1,1,0,1,1,1,0,1,1,1,368
1,0,0,1,0,1,0,0,1,1,0,1,0,1,369
1,0,0,1,1,0,1,1,1,1,1,1,1,1,370
0,0,0,1,0,0,1,0,0,0,0,0,0,0,371
1,0,0,0,0,1,0,0,0,1,0,0,0,1,372
1,0,0,1,0,1,0,1,1,1,0,1,0,1,373
1,0,1,1,1,1,0,1,1,1,1,1,1,1,374
0,0,0,0,1,1,0,1,1,1,0,1,1,1,375
1,0,1,0,1,0,0,0,1,1,1,1,1,0,376
1,0,0,0,1,0,1,0,1,1,0,1,1,1,377
1,0,0,0,1,0,1,0,1,1,0,1,1,0,378
1,0,0,1,1,1,1,1,1,1,0,1,1,0,379
0,0,0,1,0,1,0,0,1,0,0,0,0,1,380
0,0,0,0,0,0,1,1,1,1,0,0,1,0,381
0,1,0,0,0,1,1,0,0,1,0,0,0,1,382
0,0,0,0,0,0,1,0,0,0,0,0,0,1,383
0,0,1,0,1,1,1,1,1,0,0,1,1,1,384
0,1,0,1,0,0,1,1,0,1,0,0,0,1,385
0,0,0,1,1,1,1,1,1,0,0,0,1,1,386
0,0,0,0,0,1,0,1,1,1,0,1,0,1,387
1,0,0,0,0,0,0,1,1,0,0,1,1,1,388
1,0,0,0,1,0,1,0,1,0,0,1,1,0,389
1,0,0,1,1,1,1,0,1,1,0,1,1,1,390
0,0,0,0,1,0,0,0,1,1,1,1,1,1,391
0,0,0,0,1,0,0,1,1,1,0,1,0,0,392
0,0,0,0,0,0,0,1,0,1,0,0,1,0,393
0,0,1,1,1,1,1,1,1,0,0,0,0,0,394
1,0,1,0,1,0,0,0,0,1,0,0,1,1,395
0,0,0,0,1,1,0,0,1,1,0,1,1,1,396
1,0,0,0,0,1,0,0,1,1,0,1,0,1,397
1,0,0,0,0,1,1,0,1,1,0,1,0,1,398
0,0,0,0,0,0,0,0,1,0,0,1,1,0,399
0,0,0,0,1,0,0,0,1,0,0,1,0,1,400
1,0,1,0,1,0,0,0,1,1,0,0,0,1,401
1,0,0,0,0,0,0,0,1,0,0,0,1,0,402
1,0,0,1,0,0,0,0,1,0,0,1,1,1,403
1,0,0,0,1,1,0,0,1,1,0,1,0,1,404
0,0,0,1,1,1,1,1,1,1,0,1,1,0,405
0,0,0,1,0,1,0,1,0,1,0,0,0,1,406
1,0,0,0,1,0,1,1,1,1,0,1,0,1,407
0,1,1,1,0,1,1,1,1,1,1,1,0,1,408
0,0,0,0,0,1,1,1,1,1,1,1,0,1,409
1,1,0,1,1,0,0,1,1,1,1,1,0,1,410
1,0,0,0,1,0,1,0,1,0,0,0,1,0,411
0,0,1,1,0,0,1,1,0,1,0,0,0,1,412
0,0,0,0,1,0,0,1,1,0,0,1,1,0,413
1,1,0,0,0,0,1,1,1,0,0,1,0,1,414
0,1,0,1,0,1,0,1,1,1,0,0,0,1,415
0,0,1,0,1,0,0,1,0,1,0,0,0,1,416
0,0,1,0,0,0,0,1,1,1,0,1,0,1,417
0,0,0,1,0,0,0,0,1,1,0,1,0,0,418
0,0,0,1,1,0,0,1,1,0,0,1,0,0,419
0,1,0,0,0,0,1,1,0,1,0,0,0,1,420
0,0,1,0,0,1,1,1,0,1,0,0,0,1,421
0,0,0,1,0,0,0,0,1,1,0,1,0,1,422
1,0,0,1,0,0,0,0,0,1,0,1,1,1,423
1,0,0,0,0,0,0,1,0,0,0,0,0,1,424
0,0,0,1,1,0,1,1,1,0,1,1,1,1,425
1,0,0,1,1,0,0,0,1,0,0,0,0,0,426
0,1,1,1,1,0,1,1,1,1,0,1,1,1,427
0,0,0,0,0,0,1,0,1,1,0,1,0,0,428
1,0,0,1,1,0,0,0,1,1,0,1,1,0,429
0,1,1,1,1,1,0,1,1,1,1,1,1,1,430
0,0,0,0,1,1,1,0,0,1,0,1,0,1,431
1,0,1,1,1,0,0,0,1,0,1,1,1,1,432
1,0,1,1,1,0,0,1,1,1,0,1,1,1,433
1,0,0,0,1,0,0,0,1,1,1,1,1,1,434
0,0,1,0,0,0,1,1,0,1,0,0,0,1,435
0,0,0,1,1,0,1,1,1,0,0,1,0,0,436
0,0,1,1,1,0,0,0,1,1,0,0,0,1,437
1,1,1,0,1,0,0,1,1,0,0,1,1,1,438
1,0,0,1,0,0,0,0,1,1,0,1,1,1,439
0,0,0,1,1,0,1,1,1,0,0,0,1,1,440
0,0,1,0,0,0,0,1,0,0,0,0,0,0,441
0,0,0,1,0,1,0,1,0,1,0,0,0,0,442
0,0,0,1,1,0,1,0,1,1,0,1,0,1,443
0,0,0,1,0,1,1,1,1,0,0,0,0,0,444
0,0,0,1,0,0,1,0,1,1,0,1,0,0,445
1,0,0,1,1,0,0,1,1,0,0,1,1,1,446
0,0,0,1,0,0,0,1,0,0,0,0,0,1,447
0,0,0,0,1,0,0,0,1,1,0,1,1,0,448
0,0,0,1,0,1,1,0,0,1,0,0,0,1,449
0,0,0,0,1,1,0,0,0,0,0,0,1,0,450
1,0,0,0,0,1,0,0,0,1,0,1,1,1,451
0,0,0,0,1,0,0,1,1,1,0,1,1,0,452
1,0,0,0,0,1,0,1,0,1,0,0,0,1,453
1,1,1,1,1,0,1,1,1,1,0,1,1,1,454
1,1,0,0,1,0,0,0,1,1,0,1,1,1,455
1,0,1,0,1,0,0,1,1,1,0,0,1,1,456
0,0,0,0,1,1,1,0,1,0,0,1,1,0,457
0,0,1,1,0,0,0,1,1,0,0,0,0,0,458
1,0,0,0,0,0,1,0,1,1,0,1,0,1,459
1,0,1,1,0,1,0,1,1,1,1,1,1,1,460
0,0,0,0,1,0,0,1,0,1,0,0,0,1,461
1,1,1,0,1,0,1,1,1,1,1,1,1,1,462
1,0,1,1,0,1,1,1,1,1,1,1,1,1,463
1,1,0,0,1,0,0,1,1,1,0,1,1,1,464
0,1,0,0,0,0,0,1,1,1,1,1,0,1,465
0,0,0,0,1,0,0,1,0,0,0,0,0,0,466
0,0,0,1,0,0,1,0,0,1,1,0,0,1,467
1,0,0,0,0,0,0,0,1,1,0,1,0,1,468
1,0,0,1,0,0,0,1,0,1,0,0,0,0,469
0,0,0,1,1,1,1,1,1,1,0,1,0,1,470
1,0,1,1,1,1,1,1,1,0,1,1,1,1,471
1,0,0,0,1,0,0,1,1,1,0,1,0,1,472
0,1,0,1,1,1,1,1,1,0,0,1,1,1,473
1,1,0,1,1,1,1,1,1,0,0,1,1,1,474
1,0,0,0,1,0,1,0,1,1,0,1,0,1,475
0,0,0,1,1,1,0,1,1,1,1,1,0,1,476
0,0,0,1,1,1,0,1,1,1,0,1,0,0,477
0,0,0,0,0,0,0,1,1,1,0,1,0,1,478
0,0,0,0,1,0,1,0,0,0,0,1,0,1,479
0,0,0,1,1,0,0,1,0,0,0,0,0,1,480
1,0,1,1,1,0,0,1,1,1,0,1,0,1,481
1,0,0,0,0,1,0,0,0,1,0,0,0,0,482
0,0,0,0,1,0,0,1,1,1,0,1,0,1,483
0,1,0,0,1,1,1,1,1,1,0,1,1,1,484
1,0,0,0,1,0,0,1,1,1,0,0,1,0,485
0,0,0,0,0,1,1,0,0,1,0,0,0,1,486
1,0,1,1,0,0,0,1,0,1,0,1,1,1,487
1,0,0,1,1,1,0,1,1,1,1,1,0,1,488
0,0,0,1,1,1,1,1,1,0,0,0,0,0,489
1,1,0,0,1,1,0,1,1,1,0,1,1,1,490
1,0,0,1,0,0,1,0,1,1,0,1,1,0,491
1,0,0,0,0,0,0,1,0,1,1,0,0,0,492
0,0,1,1,1,1,0,1,1,0,0,1,1,0,493
0,0,0,0,1,0,0,0,0,0,0,1,0,0,494
0,0,1,0,0,1,1,0,0,1,0,0,0,1,495
1,0,0,0,0,1,1,0,0,1,0,0,0,1,496
1,0,0,0,1,0,0,0,1,0,1,1,1,1,497
0,0,1,1,1,1,1,0,1,0,0,1,0,0,498
1,0,0,1,1,1,1,1,1,0,1,1,1,1,499
0,0,1,1,1,0,0,1,1,0,0,1,0,0,500
1,0,1,1,1,0,1,1,1,1,1,1,1,1,501
0,1,1,1,1,1,1,1,1,1,0,0,1,1,502
0,0,0,0,1,1,1,1,1,0,0,1,1,0,503
0,0,0,1,0,1,1,1,1,0,0,1,0,1,504
0,0,0,0,1,1,1,1,1,1,0,1,1,1,505
0,0,0,1,0,1,1,1,1,1,0,1,0,1,506
1,0,0,1,1,0,0,1,1,1,1,1,1,0,507
1,0,1,0,1,0,0,1,1,1,0,1,0,1,508
0,0,1,1,1,1,1,0,1,0,0,0,0,0,509
1,0,0,0,1,0,1,1,1,1,0,1,1,1,510
0,0,0,1,0,0,1,1,1,1,0,1,0,0,511
0,0,0,1,0,0,0,1,1,0,0,1,1,0,512
1,0,0,1,0,1,0,0,1,0,0,0,1,1,513
0,0,0,1,1,0,0,0,1,1,0,1,1,0,514
0,1,1,1,0,0,0,0,1,0,0,1,1,1,515
0,0,1,1,1,1,1,1,1,1,0,0,1,1,516
1,0,0,0,1,0,0,0,1,0,0,0,0,1,517
0,0,1,0,1,0,1,1,1,0,0,0,1,1,518
0,0,0,1,0,0,0,0,0,1,0,0,1,1,519
0,0,1,0,0,0,0,1,1,1,0,0,0,1,520
1,0,0,0,1,1,0,1,1,1,0,1,0,1,521
0,0,1,1,1,0,0,1,1,0,0,0,1,0,522
1,0,1,1,1,0,1,1,1,1,0,1,1,0,523
1,1,1,1,1,1,0,0,1,1,1,1,1,1,524
1,0,1,0,0,0,0,0,1,1,0,1,0,1,525
0,0,0,1,0,0,0,0,0,1,1,0,0,1,526
1,0,0,1,1,1,1,0,1,1,0,1,0,1,527
0,0,1,1,1,1,0,1,1,1,0,1,1,0,528
0,0,1,1,1,1,1,1,1,0,0,1,0,0,529
1,0,0,0,1,0,0,0,0,0,0,1,0,0,530
0,0,0,1,1,1,1,1,1,1,1,0,0,1,531
0,1,1,1,1,1,1,1,1,1,0,1,1,0,532
1,0,0,0,1,1,1,0,1,1,0,1,1,0,533
0,0,0,0,0,0,0,0,1,1,0,1,1,0,534
1,0,1,1,1,1,0,0,1,1,1,1,1,1,535
0,0,0,1,1,0,0,0,1,0,0,1,0,0,536
0,0,0,1,0,0,1,1,1,1,0,1,1,0,537
1,1,0,1,1,1,0,1,1,1,1,1,0,1,538
0,0,1,0,1,0,1,0,1,1,0,1,1,0,539
1,0,0,1,0,0,1,0,0,1,0,0,0,1,540
0,0,1,1,0,0,1,1,1,0,0,1,1,0,541
0,0,0,1,0,1,0,0,0,1,0,0,0,1,542
0,0,0,0,1,1,1,0,1,1,0,1,0,0,543
1,1,1,1,1,0,0,1,0,1,0,0,0,1,544
1,0,1,1,1,0,1,0,1,1,0,1,1,1,545
1,0,1,0,1,1,0,0,0,1,0,0,0,1,546
0,1,0,1,1,0,1,1,1,0,0,1,1,1,547
1,0,0,0,0,0,1,0,0,0,0,0,0,1,548
1,0,1,0,1,0,0,1,1,1,1,1,1,1,549
1,0,0,1,0,0,0,0,1,1,0,1,1,0,550
1,0,0,0,1,0,0,0,1,1,1,1,0,1,551
1,1,1,0,0,0,1,1,0,1,0,0,0,1,552
0,0,0,1,1,1,0,1,1,1,1,1,1,1,553
1,0,0,1,0,0,0,1,1,1,0,1,0,1,554
1,0,1,1,0,1,0,0,0,1,0,0,1,1,555
1,0,1,1,1,0,0,0,1,1,0,1,1,1,556
1,0,0,1,0,0,0,1,1,1,0,1,0,0,557
1,0,0,0,1,0,0,0,1,1,0,0,1,0,558
1,1,1,0,1,0,0,0,1,0,0,1,1,0,559
1,0,0,1,0,0,1,0,1,1,0,1,0,1,560
0,0,0,1,1,1,1,1,1,0,1,1,1,1,561
0,1,1,1,0,0,0,1,0,1,1,0,0,1,562
1,0,0,0,0,0,0,0,0,0,0,0,0,1,563
1,0,0,0,0,0,0,1,0,1,0,0,1,1,564
1,0,1,0,1,0,0,0,1,1,1,1,1,1,565
1,0,1,1,0,0,0,0,1,1,0,1,0,0,566
0,0,0,0,0,0,0,0,1,1,0,0,0,1,567
1,0,1,0,0,0,1,0,1,0,0,1,1,0,568
0,0,0,1,1,0,0,1,1,1,0,1,1,0,569
0,1,0,1,1,0,0,1,1,0,0,1,1,1,570
0,0,0,0,0,1,0,1,1,0,0,0,1,0,571
0,0,0,0,1,1,1,1,0,1,0,0,0,1,572
1,0,0,1,1,0,1,0,1,1,0,1,1,1,573
1,0,0,0,1,0,0,0,0,1,0,0,1,0,574
1,0,0,1,0,0,0,1,0,1,0,0,1,1,575
1,0,0,1,0,0,1,1,1,1,0,0,1,1,576
0,0,1,0,0,0,1,1,0,1,1,0,1,1,577
1,0,0,0,1,1,1,0,1,1,0,1,1,1,578
0,0,1,0,0,0,1,1,1,1,0,1,0,0,579
0,0,0,0,1,0,1,0,1,0,0,0,1,1,580
1,0,0,1,0,0,0,1,1,1,0,1,1,1,581
1,0,0,1,1,0,1,1,1,1,0,1,0,1,582
1,0,1,0,0,1,0,1,1,1,1,1,1,1,583
0,1,0,0,0,1,0,1,0,0,0,0,0,1,584
1,0,1,0,1,0,0,0,1,1,0,1,0,0,585
1,0,0,1,0,0,1,1,1,1,0,1,1,0,586
1,0,0,1,1,1,0,0,1,0,0,1,1,0,587
0,1,0,0,0,0,1,0,1,1,0,0,0,1,588
0,1,0,0,0,1,1,1,0,0,1,0,0,1,589
1,0,0,0,0,1,1,1,1,1,0,1,0,1,590
0,0,0,1,1,0,0,0,1,0,0,0,0,0,591
0,0,1,1,1,1,1,0,1,0,0,1,1,0,592
0,0,0,1,1,0,1,0,1,0,0,0,1,1,593
1,0,1,1,1,1,0,1,1,1,0,1,1,1,594
1,0,0,0,1,0,0,1,1,1,0,1,1,0,595
0,1,0,0,0,0,0,0,0,1,0,0,0,1,596
0,0,0,1,0,0,0,0,1,0,0,1,1,0,597
1,0,0,1,1,1,0,0,1,1,0,1,0,1,598
1,1,0,0,1,0,0,0,1,1,1,1,1,1,599
0,1,0,1,0,0,0,1,0,1,0,0,0,1,600
1,0,0,0,0,0,1,0,1,1,0,1,0,0,601
0,0,0,1,0,0,0,1,0,0,0,0,0,0,602
1,0,0,0,1,1,1,1,0,0,0,0,1,1,603
0,0,0,0,1,0,0,0,1,0,0,1,1,1,604
1,1,0,0,1,0,0,1,1,0,0,1,0,1,605
1,0,0,0,0,0,1,0,0,1,0,0,0,0,606
0,0,1,0,0,1,1,0,1,1,0,1,0,1,607
1,0,1,0,1,0,0,0,1,1,0,1,0,1,608
0,1,0,0,0,0,1,1,0,0,0,0,0,1,609
1,0,0,0,0,0,0,0,1,0,0,1,0,1,610
0,0,0,0,0,0,1,0,1,1,0,0,0,1,611
0,1,1,1,1,0,1,1,1,1,0,1,1,0,612
0,0,1,0,0,0,0,0,1,1,0,1,1,0,613
0,0,0,0,1,1,1,1,0,0,0,1,0,1,614
0,1,1,1,0,0,1,1,0,1,1,0,0,1,615
1,1,1,0,1,0,0,1,1,1,0,1,1,1,616
0,0,1,0,1,1,1,0,1,1,1,1,1,1,617
1,0,0,1,0,1,1,0,1,1,0,1,0,1,618
0,0,0,0,1,0,0,0,1,1,0,0,1,0,619
0,0,0,0,0,1,0,0,0,0,0,0,0,1,620
1,0,0,1,0,1,1,0,1,1,0,1,0,0,621
1,0,0,1,0,0,1,1,0,1,0,0,0,1,622
1,1,0,0,1,0,0,0,1,0,0,1,0,1,623
0,1,0,0,0,0,0,0,0,1,0,0,0,0,624
1,0,0,0,0,0,0,0,0,1,0,0,1,0,625
1,0,0,0,0,0,1,1,0,1,0,0,0,1,626
0,0,0,0,0,0,0,1,0,0,0,0,0,1,627
0,0,0,0,0,1,0,0,0,1,1,0,0,1,628
1,0,1,0,1,0,1,1,1,1,1,1,0,1,629
1,1,0,1,1,1,1,1,1,1,1,1,1,0,630
0,0,1,0,1,0,1,0,1,0,0,0,0,0,631
0,0,1,1,1,1,1,1,0,1,0,1,1,0,632
0,0,1,1,0,0,1,1,1,1,0,1,0,1,633
1,1,0,1,0,0,1,0,1,0,0,0,0,0,634
0,0,1,0,1,0,0,0,1,1,0,1,0,0,635
0,0,0,0,1,0,0,0,1,1,1,1,1,0,636
0,0,1,1,1,0,1,1,1,0,0,1,0,0,637
0,0,1,1,0,1,1,1,1,1,0,0,0,1,638
1,0,1,1,1,1,1,1,1,1,0,1,1,0,639
1,1,0,1,1,1,1,0,1,1,0,1,1,1,640
0,1,1,1,1,1,1,1,1,1,1,1,1,0,641
1,0,0,0,0,1,0,1,0,0,0,0,0,1,642
0,1,0,0,0,0,1,0,0,0,0,0,0,1,643
0,0,1,0,0,1,1,1,1,1,0,0,0,0,644
1,0,0,1,1,0,0,1,1,1,0,0,1,1,645
0,0,1,0,1,0,0,1,1,1,0,1,0,0,646
1,0,0,1,1,1,0,0,1,1,0,1,1,0,647
1,0,0,0,0,0,0,0,1,1,0,0,0,1,648
1,1,0,0,0,0,0,1,1,1,0,1,0,1,649
0,0,1,1,1,1,1,1,1,1,1,1,0,0,650
0,0,0,0,0,0,1,0,1,1,1,1,0,1,651
0,0,1,0,0,0,1,1,0,0,0,0,0,0,652
1,0,1,1,1,0,0,0,1,1,1,1,0,0,653
1,0,1,1,1,0,1,0,1,1,0,0,1,1,654
0,0,1,1,1,1,0,1,1,1,1,1,0,1,655
0,0,0,0,1,1,0,0,1,0,0,0,1,0,656
0,0,0,0,0,0,1,0,1,0,0,1,0,1,657
1,0,0,1,1,0,0,0,1,0,0,1,1,1,658
1,0,0,1,1,0,1,1,1,1,0,1,1,0,659
0,1,1,0,0,0,0,0,0,1,1,0,0,1,660
1,0,0,1,0,1,1,1,0,1,0,0,1,1,661
0,1,0,1,1,0,0,0,1,1,0,1,0,1,662
0,0,1,1,0,0,0,0,1,0,0,0,1,0,663
1,0,1,1,0,0,1,1,1,1,1,1,0,1,664
0,0,1,0,1,0,0,0,1,1,1,1,0,1,665
0,0,1,0,0,1,1,1,0,0,1,0,0,1,666
0,1,0,0,0,0,0,1,0,1,0,0,0,1,667
1,0,0,1,1,0,1,1,1,0,0,1,1,1,668
1,0,1,0,0,0,0,0,1,0,0,0,0,0,669
0,0,0,0,1,1,1,0,1,0,0,0,0,0,670
0,1,0,1,0,1,1,1,1,1,1,1,0,1,671
0,0,0,0,1,0,1,1,0,1,0,0,0,1,672
0,0,1,1,1,1,1,1,1,1,1,1,1,0,673
0,0,1,1,0,1,1,1,0,0,0,0,0,0,674
0,0,0,0,1,1,1,1,0,0,0,0,0,1,675
0,0,1,1,0,0,0,0,0,0,0,1,0,0,676
0,0,1,1,1,0,0,1,1,0,1,1,1,0,677
1,1,0,0,0,0,0,0,1,1,0,0,0,1,678
0,0,1,1,0,0,0,1,1,1,1,1,0,1,679
0,0,1,1,1,0,0,0,1,1,0,1,0,1,680
0,0,0,1,1,1,1,0,1,1,0,1,0,1,681
0,1,1,1,1,0,1,1,1,1,1,1,0,1,682
0,0,0,1,1,0,1,0,1,1,0,1,1,1,683
0,0,0,0,0,0,1,0,0,1,0,0,0,0,684
0,1,0,1,1,0,0,1,1,1,0,1,1,1,685
1,1,0,1,0,1,0,1,1,1,0,1,0,1,686
0,0,0,0,1,0,1,0,1,0,0,1,0,1,687
1,0,1,0,0,1,1,0,1,1,1,1,0,1,688
1,0,0,1,0,0,1,1,1,1,0,1,1,1,689
1,1,0,0,0,0,0,1,0,0,0,0,0,1,690
0,0,0,1,1,0,0,1,1,0,0,1,0,1,691
0,0,0,0,1,1,1,1,1,0,0,1,1,1,692
1,0,0,1,0,0,1,1,1,1,0,1,0,1,693
0,0,1,1,1,0,1,0,1,0,0,1,0,0,694
1,0,1,1,1,0,0,1,1,1,0,1,1,0,695
1,1,0,0,1,1,0,1,1,1,1,1,1,1,696
1,0,1,1,1,1,1,1,1,0,0,1,1,0,697
0,0,1,0,0,1,1,0,0,0,0,0,0,0,698
1,0,0,1,0,0,0,1,1,1,0,0,0,0,699
1,0,0,1,1,0,0,0,0,1,0,1,1,1,700
0,1,1,1,1,1,0,1,1,1,0,1,1,1,701
0,0,0,0,0,1,1,1,1,0,0,1,1,0,702
0,0,1,0,1,1,1,0,1,1,0,1,1,1,703
1,1,1,1,1,0,0,1,1,0,0,1,1,1,704
0,1,0,1,1,0,1,0,1,1,0,1,1,0,705
0,0,0,1,1,0,0,1,1,0,0,1,1,1,706
0,0,0,1,1,0,1,0,1,0,0,1,1,1,707
0,0,1,1,0,1,1,1,1,1,1,1,0,1,708
1,0,0,0,0,0,1,1,0,0,0,0,0,0,709
0,0,0,1,1,0,1,1,0,0,0,1,1,0,710
1,0,1,1,1,0,0,0,1,1,0,0,1,0,711
0,0,1,1,1,1,1,1,1,1,0,1,0,1,712
1,0,0,0,1,0,1,1,1,0,0,1,1,1,713
1,0,0,0,0,0,0,0,1,0,0,1,1,1,714
0,1,0,1,1,1,1,0,1,1,0,1,1,1,715
0,0,1,1,1,0,1,0,1,1,0,1,0,1,716
0,0,0,1,0,1,0,1,0,0,0,0,0,0,717
0,0,0,0,1,1,1,1,1,0,0,0,0,0,718
1,0,0,0,0,0,0,1,0,1,0,0,0,0,719
0,0,0,0,0,1,1,0,0,0,0,0,0,0,720
0,0,0,1,0,0,1,1,0,0,0,0,0,0,721
0,0,0,0,1,0,1,1,1,0,0,0,0,0,722
1,0,0,1,0,1,0,1,0,1,0,0,1,1,723
0,0,1,1,1,0,1,1,1,0,0,0,1,0,724
1,0,0,1,0,1,1,0,1,1,0,1,1,1,725
0,0,0,1,1,1,1,1,1,1,0,0,1,1,726
0,0,0,1,1,0,1,0,1,0,0,0,0,1,727
0,1,0,1,1,0,1,1,1,1,0,1,0,1,728
1,0,1,1,0,0,0,0,1,1,1,1,1,1,729
1,0,0,1,0,0,0,0,0,1,0,1,0,1,730
0,0,1,1,0,0,0,0,0,1,0,1,0,1,731
0,0,0,1,1,0,0,0,1,1,0,0,0,1,732
0,1,1,1,1,0,0,1,1,0,0,1,1,1,733
1,0,0,0,0,1,0,0,1,1,1,1,0,1,734
1,0,1,0,0,0,0,1,1,1,0,1,1,0,735
0,0,0,0,1,0,0,1,0,0,0,0,1,0,736
0,0,0,1,1,0,1,1,1,1,1,1,0,1,737
0,0,0,0,1,1,0,1,1,1,0,0,1,1,738
1,0,0,0,0,0,0,1,1,1,0,0,0,1,739
1,1,0,0,0,0,0,1,1,1,1,1,0,1,740
0,1,0,1,0,0,1,1,1,0,0,1,1,0,741
0,0,0,1,0,0,1,1,1,0,0,1,1,0,742
0,0,1,0,1,0,0,1,1,0,0,1,1,0,743
1,0,1,0,1,0,0,0,1,0,0,1,1,0,744
1,0,0,0,1,1,0,0,1,0,0,1,1,0,745
1,0,0,1,0,1,0,0,0,0,0,0,0,1,746
0,1,0,1,1,0,1,0,1,1,1,1,1,1,747
0,0,0,0,1,1,1,1,1,1,1,1,1,1,748
0,1,0,1,1,0,1,0,1,0,0,1,0,1,749
0,0,0,1,0,1,1,1,1,0,0,1,0,0,750
0,1,0,0,0,0,1,0,0,1,1,0,0,1,751
0,0,1,0,1,0,1,0,1,1,1,1,1,1,752
0,0,0,0,1,1,1,1,1,0,0,1,0,0,753
0,1,0,1,1,1,0,1,1,0,1,1,1,0,754
0,0,0,0,1,0,0,1,1,0,0,0,0,0,755
0,0,1,0,1,1,1,0,1,0,0,0,0,0,756
1,0,0,0,0,0,0,0,0,0,0,1,0,1,757
1,0,0,0,1,0,1,0,1,1,1,0,0,1,758
0,0,1,1,0,0,1,1,1,1,1,1,0,0,759
0,1,1,1,0,1,1,1,1,0,1,1,0,1,760
0,0,0,1,1,0,0,1,1,1,0,0,0,1,761
0,1,1,1,0,1,1,1,0,0,0,0,0,1,762
0,0,1,1,1,0,1,1,1,0,0,1,1,1,763
0,0,1,0,1,0,1,0,1,0,1,1,1,0,764
1,0,1,0,0,0,0,0,1,1,0,1,0,0,765
1,1,0,0,0,0,0,0,1,1,0,1,0,0,766
0,0,1,1,1,1,1,0,1,0,1,1,0,1,767
0,0,0,0,0,0,0,1,1,1,0,1,1,0,768
0,0,1,1,0,0,1,1,1,0,0,0,0,1,769
1,0,0,0,1,0,0,0,0,1,0,0,1,1,770
0,1,1,1,1,1,0,1,1,1,0,1,0,1,771
1,1,0,1,1,1,0,0,0,0,0,0,1,0,772
0,1,1,1,0,1,0,1,1,1,1,1,0,1,773
1,0,0,1,1,1,1,1,1,0,0,1,1,1,774
0,0,0,0,0,0,0,1,1,0,0,0,0,0,775
0,0,0,0,0,0,0,1,1,0,0,1,1,0,776
0,0,0,0,1,0,1,0,1,1,0,1,1,1,777
0,0,0,0,0,0,0,1,1,1,0,1,0,0,778
0,0,1,0,0,0,0,1,1,0,0,1,1,0,779
0,0,0,1,1,1,0,0,1,1,0,1,1,1,780
0,1,1,1,0,1,1,1,1,1,1,1,1,1,781
0,0,1,0,0,0,0,0,1,1,1,1,1,0,782
0,0,1,0,0,0,0,0,1,1,0,1,1,1,783
1,0,1,0,0,0,0,1,0,1,0,0,0,0,784
0,0,0,1,1,1,0,1,1,0,0,0,0,0,785
0,0,0,1,1,0,0,0,0,1,0,0,0,1,786
0,0,0,1,0,1,0,1,1,0,0,1,0,0,787
1,1,1,0,0,0,0,1,0,1,0,0,0,0,788
0,0,1,0,1,1,1,0,1,1,0,1,0,1,789
0,0,0,0,1,0,0,0,1,1,0,0,1,1,790
0,0,0,1,0,1,0,0,0,0,0,1,0,0,791
1,0,0,0,1,0,0,1,1,1,0,1,0,0,792
0,0,0,1,0,1,1,0,0,0,0,0,0,1,793
0,0,0,0,1,1,0,0,1,0,0,1,0,0,794
0,0,0,0,1,0,1,0,1,0,0,1,1,0,795
0,0,1,1,0,0,0,1,0,1,1,0,0,1,796
0,0,0,1,0,1,0,1,1,0,0,0,0,1,797
1,0,1,1,0,1,0,1,0,1,0,0,1,1,798
0,1,1,1,0,1,1,1,0,1,1,0,0,1,799
0,0,0,1,0,0,0,1,1,0,0,0,1,1,800
0,0,1,1,1,0,0,0,1,0,0,0,0,0,801
0,0,0,1,0,0,0,1,1,0,0,1,1,1,802
0,0,0,0,1,0,1,1,1,0,0,1,1,1,803
0,0,0,1,0,0,0,1,1,1,0,1,0,0,804
0,1,0,1,1,0,0,0,1,1,0,1,1,1,805
1,0,1,1,1,1,0,0,1,1,0,1,1,1,806
0,1,0,0,1,0,0,1,1,1,0,1,0,1,807
0,0,0,0,0,0,1,0,1,0,0,0,0,1,808
0,0,1,1,0,0,1,1,0,0,0,0,0,1,809
0,0,0,1,0,0,1,0,0,0,0,1,0,1,810
1,0,1,1,1,0,0,0,1,0,0,1,1,1,811
1,0,0,1,0,1,1,0,0,0,0,0,1,1,812
1,0,0,0,0,1,1,0,1,1,0,1,1,1,813
1,0,0,0,0,1,1,0,0,0,0,0,0,1,814
1,0,0,0,0,0,0,0,0,0,0,0,1,1,815
1,0,0,1,0,0,0,0,0,0,0,0,0,1,816
0,0,1,1,1,1,0,1,1,1,0,0,1,1,817
1,1,0,1,0,1,0,1,1,0,0,1,0,1,818
0,0,0,1,0,0,1,1,0,1,0,0,0,0,819
0,0,0,1,1,0,0,0,1,1,0,1,0,0,820
0,0,1,0,1,0,0,1,1,1,1,1,1,1,821
0,0,0,1,1,1,1,0,1,0,0,0,0,1,822
0,0,1,1,0,1,0,0,1,1,1,1,0,1,823
1,0,0,0,0,0,0,0,1,0,1,0,1,1,824
1,0,0,0,1,1,1,1,1,1,0,1,0,1,825
0,0,0,0,0,0,0,0,1,0,0,1,0,1,826
1,0,1,0,0,0,0,0,0,1,1,0,1,1,827
0,0,0,0,0,0,0,1,0,1,0,0,1,1,828
0,0,0,1,1,1,1,0,1,0,0,1,1,1,829
0,0,0,1,0,0,1,1,1,1,0,1,0,1,830
1,0,0,0,0,1,1,1,0,0,0,0,0,0,831
0,1,1,1,1,1,0,1,1,1,0,0,0,0,832
1,0,0,1,1,1,1,1,1,0,0,1,1,0,833
0,0,0,0,1,1,0,1,1,0,0,1,1,1,834
0,1,0,1,1,1,1,1,1,0,0,0,1,1,835
1,0,0,1,0,1,0,0,1,1,0,1,1,1,836
0,1,0,1,1,0,1,1,1,1,0,1,1,0,837
1,0,0,0,0,0,0,0,1,1,0,0,1,0,838
1,1,0,0,1,0,0,1,1,1,0,1,0,1,839
0,0,1,0,0,0,0,0,1,0,0,1,1,0,840
1,0,0,1,0,1,0,0,1,0,0,1,1,1,841
0,0,1,1,0,0,0,1,1,0,0,1,1,0,842
0,0,1,0,0,1,1,0,0,1,1,0,0,0,843
0,0,0,0,0,0,1,1,1,1,0,1,0,1,844
0,0,1,1,1,0,0,0,1,1,1,1,1,1,845
1,0,1,0,1,0,1,1,0,1,0,0,1,1,846
1,1,0,1,1,1,0,1,1,1,0,1,0,1,847
0,0,1,1,1,1,1,1,1,1,0,1,1,0,848
1,0,1,0,1,1,1,0,1,1,0,1,1,1,849
0,1,0,0,1,1,0,1,1,1,1,1,0,1,850
0,0,0,1,1,0,1,0,1,0,0,1,0,0,851
0,1,0,0,0,0,1,1,1,0,1,1,0,0,852
0,1,0,1,0,0,1,1,1,1,0,1,0,1,853
0,0,1,1,0,1,1,1,1,1,0,1,0,0,854
1,0,0,1,0,0,1,1,1,1,0,1,0,0,855
0,1,0,0,0,0,0,0,0,1,1,0,0,1,856
0,0,0,1,0,0,0,1,1,1,0,0,1,1,857
0,1,1,1,0,0,0,0,0,1,0,0,0,1,858
1,1,0,1,1,0,0,0,1,1,0,1,1,0,859
1,0,0,1,1,1,0,1,1,0,0,1,1,1,860
0,0,1,1,1,0,1,1,1,0,0,1,0,1,861
1,1,1,1,1,0,0,0,1,1,1,1,0,1,862
1,1,0,0,0,1,0,0,1,1,0,1,1,1,863
1,0,0,0,1,0,0,1,1,1,0,0,1,1,864
0,0,0,0,0,0,1,1,1,1,0,1,1,0,865
1,0,1,1,1,0,0,1,1,1,1,1,0,1,866
1,0,1,1,1,0,0,1,1,1,0,0,0,1,867
0,0,0,1,1,0,1,0,1,0,0,1,1,0,868
0,0,1,1,1,1,0,0,1,0,0,1,0,0,869
1,1,0,1,1,0,1,1,1,1,1,1,1,1,870
1,1,0,1,0,1,1,0,1,1,1,1,0,1,871
1,0,1,0,0,0,0,0,1,1,0,1,1,0,872
0,0,0,0,1,1,1,1,1,0,0,0,1,1,873
0,0,1,0,1,1,0,1,1,1,0,1,1,1,874
1,0,1,0,0,1,0,1,1,1,0,1,1,1,875
1,0,0,0,1,1,0,0,1,1,0,1,1,1,876
1,1,1,0,1,0,1,1,1,1,0,1,1,1,877
0,1,0,1,0,0,0,0,1,1,0,1,1,1,878
0,0,1,1,1,0,1,1,1,1,0,1,0,1,879
1,0,0,1,0,0,1,1,1,0,0,1,1,1,880
0,0,1,1,1,1,1,1,1,1,0,0,0,1,881
1,0,0,0,0,1,0,1,1,1,0,1,0,1,882
1,0,0,0,0,0,0,0,1,0,0,0,0,1,883
1,0,0,0,0,0,1,1,0,0,0,0,0,1,884
0,1,0,1,1,0,0,0,1,0,0,1,1,0,885
0,0,1,0,0,0,0,1,1,1,1,1,1,0,886
0,0,0,1,1,0,1,1,0,1,1,1,0,1,887
1,1,1,1,1,0,1,1,1,0,1,1,1,1,888
0,0,0,0,1,1,0,1,1,1,1,1,0,1,889
1,0,0,0,0,1,1,1,1,0,0,1,0,1,890
1,0,0,0,1,0,0,0,0,0,0,1,0,1,891
1,0,0,0,1,0,1,0,1,0,0,1,1,1,892
1,1,1,1,1,1,0,1,1,1,0,1,1,1,893
0,0,1,1,1,1,1,1,1,1,0,0,1,0,894
1,1,1,1,1,0,0,0,1,1,0,1,0,1,895
1,0,1,0,0,1,0,0,1,1,0,1,0,1,896
1,0,0,0,0,0,0,0,1,1,0,0,1,1,897
1,1,1,1,0,1,1,1,1,1,0,1,1,1,898
1,0,0,1,1,0,0,1,1,0,0,1,1,0,899
0,0,0,0,0,1,1,0,1,0,0,1,0,0,900
0,0,1,1,0,0,1,1,1,0,0,1,0,0,901
0,0,0,0,1,1,1,0,1,1,0,1,1,1,902
1,0,0,1,1,0,1,1,1,0,0,0,0,1,903
1,1,1,1,1,1,1,0,1,1,0,1,1,1,904
0,0,0,1,1,0,0,0,0,1,0,1,1,0,905
0,0,0,1,0,0,0,1,0,1,0,0,0,0,906
0,0,1,0,0,0,0,1,0,0,0,1,0,0,907
1,0,0,0,0,0,0,0,0,1,0,1,0,1,908
1,1,0,1,1,1,1,1,1,1,0,1,0,1,909
1,0,0,1,0,0,0,0,1,1,0,0,1,1,910
1,0,1,0,0,0,0,0,0,1,1,1,1,1,911
1,0,0,0,0,0,0,1,1,1,0,1,1,0,912
1,0,1,0,1,0,0,0,1,1,0,0,1,1,913
0,0,0,1,0,0,1,1,1,1,0,0,0,1,914
1,0,0,1,1,1,0,1,1,1,0,1,1,0,915
1,0,1,0,1,0,0,1,1,1,0,1,1,0,916
0,0,0,1,1,0,1,1,1,0,0,0,1,0,917
0,1,0,0,1,1,1,1,1,0,0,1,0,1,918
0,0,0,1,0,0,0,1,0,1,1,0,0,1,919
1,0,0,0,1,0,0,0,1,0,0,0,1,1,920
0,0,1,0,0,0,1,0,0,0,0,0,0,0,921
1,0,0,0,0,0,1,1,1,1,0,1,1,0,922
0,0,0,0,1,1,1,1,1,1,1,1,0,1,923
1,0,0,1,0,0,0,0,1,1,1,0,0,1,924
0,0,1,1,1,0,1,0,1,1,0,1,1,1,925
0,0,1,0,1,1,0,1,0,0,0,0,0,0,926
0,0,1,1,0,0,0,1,0,0,0,0,0,0,927
0,0,0,1,0,1,1,1,1,1,0,0,0,1,928
0,0,0,0,0,1,1,1,0,0,0,0,0,1,929
1,1,0,0,1,0,0,1,0,1,0,0,1,1,930
0,0,0,0,0,0,1,1,1,0,0,1,1,1,931
0,0,0,1,0,0,0,0,0,0,0,0,0,1,932
0,0,0,0,0,0,1,0,0,0,0,1,0,0,933
0,0,0,0,1,1,1,0,0,1,0,1,1,1,934
0,0,1,0,1,1,1,1,1,1,0,0,0,0,935
0,0,0,0,1,1,1,1,1,1,0,0,0,1,936
1,1,0,1,1,0,1,0,1,1,1,1,1,1,937
1,0,1,0,1,0,0,0,1,0,0,1,0,1,938
0,0,0,0,1,1,1,1,1,1,0,1,0,1,939
0,0,0,0,1,1,0,1,0,1,0,0,0,0,940
1,0,0,1,1,0,0,0,1,0,1,1,1,1,941
0,0,1,1,0,1,0,0,1,0,1,1,0,1,942
0,0,0,1,1,0,0,0,1,0,1,1,1,1,943
1,1,1,1,0,1,1,1,1,1,1,1,1,1,944
1,0,1,0,1,0,0,0,1,1,1,0,1,0,945
1,0,0,0,1,0,0,1,1,1,1,1,0,1,946
1,0,0,1,0,0,0,1,1,0,0,1,1,0,947
1,0,0,1,1,1,0,1,1,0,0,1,0,1,948
0,1,1,1,1,0,1,1,1,0,1,1,1,1,949
0,1,0,1,0,0,0,1,0,0,0,0,0,0,950
1,0,1,1,1,0,0,0,1,1,0,0,1,1,951
1,0,1,0,0,0,0,1,1,1,0,1,0,1,952
0,0,0,0,1,0,1,1,1,0,0,1,1,0,953
1,1,0,1,0,1,1,1,0,1,0,0,0,1,954
1,0,1,0,1,1,0,1,1,1,1,1,1,1,955
1,0,1,1,1,0,0,1,1,0,1,1,0,1,956
1,1,0,1,1,0,0,0,1,1,0,1,0,1,957
1,1,0,0,1,0,1,0,1,1,0,1,1,1,958
1,0,0,1,0,0,0,1,1,1,0,0,0,1,959
0,1,1,1,1,1,1,1,1,0,0,0,1,1,960
1,1,0,1,1,0,1,0,1,0,0,1,0,0,961
1,1,0,0,0,0,0,1,0,1,0,0,0,1,962
0,0,0,1,1,1,1,1,0,0,0,1,1,0,963
0,1,1,0,1,0,0,0,1,1,0,1,0,1,964
0,0,0,1,0,0,0,1,1,0,0,0,0,0,965
1,0,0,0,1,0,0,1,1,1,1,1,1,1,966
0,1,0,1,0,0,0,1,0,0,0,0,0,1,967
1,0,0,0,0,0,0,1,1,0,0,1,0,1,968
0,1,1,0,0,0,0,0,0,1,0,0,0,0,969
0,0,1,0,1,0,0,1,1,0,0,0,0,0,970
1,1,0,0,1,0,0,1,1,1,1,1,1,1,971
0,0,0,0,0,0,0,1,1,1,0,1,1,1,972
1,0,0,1,0,0,1,1,0,1,0,1,1,1,973
0,1,1,1,1,1,1,1,1,1,1,1,0,1,974
0,0,1,0,0,0,0,1,0,0,0,0,1,0,975
0,0,0,0,1,0,0,1,0,1,0,1,1,1,976
1,0,0,0,1,0,0,1,1,1,0,0,0,1,977
1,1,0,0,1,1,0,0,1,0,1,1,1,1,978
0,0,0,0,1,0,1,1,0,1,0,1,1,1,979
1,0,0,0,0,0,0,0,0,1,0,1,0,0,980
1,0,1,1,0,0,0,0,1,0,1,1,1,0,981
1,1,1,1,1,0,1,0,1,1,0,1,1,0,982
0,0,1,1,1,1,0,1,1,0,0,1,1,1,983
1,0,0,0,0,0,1,1,1,1,0,1,0,1,984
1,0,0,1,0,1,0,0,1,0,0,1,0,0,985
0,1,0,0,0,0,1,0,0,0,0,0,0,0,986
1,0,0,0,0,1,0,1,0,1,0,0,0,0,987
0,0,1,0,0,0,0,0,1,1,0,0,1,0,988
1,1,0,1,0,1,0,1,0,1,0,0,0,1,989
1,0,1,0,1,0,0,1,1,1,0,0,0,0,990
1,0,0,1,0,0,0,1,1,1,0,1,1,0,991
0,0,0,0,1,1,0,1,1,0,0,1,0,0,992
0,0,0,0,1,1,0,1,1,0,1,1,0,1,993
1,0,0,0,1,0,0,1,0,0,0,0,0,0,994
0,0,1,1,1,1,1,1,1,0,1,1,1,1,995
0,1,0,0,0,1,0,0,0,1,0,0,0,1,996
1,0,1,0,1,0,0,1,0,1,0,0,0,0,997
1,0,1,0,0,0,0,0,1,0,1,1,1,0,998
0,0,1,1,0,1,0,1,0,1,0,0,0,1,999
0,1,0,1,1,1,1,0,1,1,0,1,0,1,1000
1,0,1,0,0,0,0,0,0,1,1,0,0,1,1001
1,1,1,1,1,0,1,0,1,1,0,1,1,1,1002
0,1,0,1,1,0,1,1,1,1,0,0,0,1,1003
0,0,1,0,1,0,1,0,1,0,0,0,1,0,1004
0,0,1,1,1,0,1,0,1,0,1,1,1,1,1005
0,0,0,0,1,0,1,1,1,1,0,0,1,1,1006
0,1,0,0,1,1,1,1,1,1,1,1,0,1,1007
0,0,0,0,0,0,0,1,0,0,0,1,0,0,1008
0,1,0,0,1,0,1,1,1,1,1,1,0,1,1009
0,0,1,1,0,0,0,0,1,1,0,1,1,0,1010
0,0,1,1,1,1,1,1,1,0,1,1,1,0,1011
1,0,1,1,0,1,0,0,1,1,0,1,0,1,1012
0,0,0,0,0,0,1,0,0,1,0,1,0,1,1013
1,0,0,0,0,0,0,0,1,1,1,1,1,1,1014
1,1,0,1,1,0,1,1,1,0,0,1,0,1,1015
0,0,0,1,0,1,0,0,0,1,0,1,1,0,1016
1,0,0,1,0,1,0,0,1,0,0,1,0,1,1017
0,0,0,1,0,1,0,1,0,1,1,0,0,1,1018
1,0,1,1,0,1,0,1,1,1,0,1,1,1,1019
0,0,0,0,1,0,1,1,1,1,0,1,0,0,1020
1,0,0,0,0,0,1,0,1,1,1,1,0,1,1021
0,0,1,1,1,0,0,1,1,1,0,1,1,1,1022
1,0,1,1,1,1,1,0,1,1,1,1,1,1,1023
0,0,1,1,0,0,1,1,1,1,1,0,1,1,1024
1,0,0,1,1,1,1,0,1,1,1,1,0,1,1025
1,0,0,1,1,1,0,0,1,0,0,1,0,1,1026
1,0,0,1,0,0,0,0,0,1,0,0,1,1,1027
1,1,0,1,1,0,1,0,1,1,0,1,1,1,1028
1,0,0,0,0,0,1,0,1,0,0,1,1,1,1029
0,0,1,0,0,0,1,0,1,0,0,0,1,0,1030
0,1,0,0,0,0,0,1,0,1,0,0,0,0,1031
0,0,0,1,1,0,0,0,1,1,0,1,1,1,1032
0,0,0,0,1,0,1,1,1,1,0,1,0,1,1033
1,1,0,1,0,0,0,0,0,0,0,0,1,1,1034
0,0,0,0,0,0,0,0,0,0,1,0,0,0,1035
1,0,0,0,1,0,1,0,0,1,0,0,1,1,1036
1,1,1,1,1,1,1,1,1,1,0,1,1,0,1037
0,1,1,1,1,0,0,1,1,1,1,1,1,1,1038
0,1,1,1,1,1,0,1,1,0,1,1,1,0,1039
1,0,0,1,1,0,0,0,1,1,0,1,0,0,1040
0,1,0,1,0,0,0,0,0,1,0,0,1,0,1041
0,0,0,0,1,0,1,1,1,1,0,1,1,0,1042
1,0,0,1,0,0,0,0,1,0,0,1,0,1,1043
0,0,0,1,0,1,1,1,1,0,0,1,1,1,1044
0,0,0,1,0,0,0,1,0,0,1,0,0,0,1045
1,0,1,0,1,0,0,0,0,1,0,1,1,0,1046
0,0,0,0,1,0,0,1,1,0,0,1,0,1,1047
0,0,1,0,0,1,1,1,1,1,0,0,0,1,1048
0,0,0,0,1,0,0,1,0,0,0,1,1,0,1049
0,1,1,1,0,1,1,1,1,0,0,1,1,1,1050
1,0,0,0,0,0,1,1,1,1,0,1,1,1,1051
1,0,1,0,1,1,1,1,1,1,1,1,1,1,1052
0,0,0,0,0,0,1,1,0,1,0,0,0,0,1053
0,0,0,1,1,0,1,1,0,1,0,1,0,1,1054
0,0,0,1,1,1,1,1,0,1,0,0,0,1,1055
0,0,0,1,0,0,0,0,1,1,0,1,1,0,1056
0,0,1,0,1,1,1,1,0,1,0,0,0,0,1057
0,0,0,1,0,0,1,0,0,1,0,0,0,0,1058
1,0,0,0,1,0,0,0,1,1,1,0,0,1,1059
0,0,0,0,1,0,0,0,1,0,0,0,0,0,1060
0,0,1,1,0,1,1,1,1,1,0,1,1,1,1061
0,0,0,1,1,1,1,1,0,1,0,1,0,1,1062
0,0,1,0,0,0,1,1,1,0,0,0,0,0,1063
1,0,0,1,0,0,1,1,0,0,0,1,1,1,1064
1,0,0,0,1,1,0,1,1,1,0,1,1,0,1065
0,0,0,0,1,1,0,0,0,1,0,0,0,1,1066
0,0,0,1,1,0,1,0,1,1,0,0,1,1,1067
1,0,0,1,0,1,0,1,1,1,0,1,0,0,1068
0,0,0,1,1,1,1,1,0,1,0,0,0,0,1069
0,0,0,1,0,1,0,1,1,1,1,1,0,1,1070
1,1,0,1,0,1,1,1,0,1,0,1,0,0,1071
0,0,1,0,0,0,1,1,1,1,0,1,0,1,1072
0,0,0,0,1,1,1,1,1,1,0,0,1,0,1073
0,1,1,0,0,0,1,0,1,1,0,1,0,1,1074
1,0,0,0,1,0,1,1,1,0,0,1,1,0,1075
1,1,1,0,0,0,0,0,0,1,1,0,0,1,1076
0,0,0,0,0,1,0,0,0,1,0,0,0,1,1077
0,0,1,1,0,1,1,1,1,0,1,1,0,1,1078
1,0,0,0,1,1,1,0,1,1,0,1,0,1,1079
1,0,0,0,0,1,1,1,1,1,0,1,1,1,1080
1,0,0,1,0,0,0,0,1,0,0,1,1,0,1081
0,0,0,0,1,0,0,0,0,1,0,0,0,1,1082
1,0,0,1,1,1,0,0,0,1,0,0,0,1,1083
0,0,1,0,1,0,0,0,1,1,0,1,0,1,1084
0,0,0,1,0,0,1,1,0,1,0,1,0,0,1085
1,1,0,0,1,0,0,0,1,0,0,1,1,1,1086
1,0,0,0,1,0,1,1,1,1,1,1,1,0,1087
0,1,0,0,1,0,0,0,1,0,0,1,0,1,1088
1,1,1,1,1,0,0,0,1,1,0,0,0,1,1089
0,0,0,0,0,0,0,1,0,0,0,1,0,1,1090
0,1,0,0,0,0,0,0,0,1,0,1,1,0,1091
0,0,1,0,1,0,1,1,1,0,0,1,1,0,1092
0,0,0,0,0,0,0,1,0,0,1,0,0,0,1093
1,1,0,0,1,0,1,1,1,1,0,1,1,0,1094
0,0,0,1,1,1,1,1,1,1,1,1,1,1,1095
0,1,0,0,1,0,1,0,1,1,1,1,0,1,1096
0,0,0,1,0,1,0,1,1,1,0,0,0,1,1097
0,0,0,1,1,1,1,1,0,1,0,1,1,1,1098
0,0,0,0,0,1,1,0,0,0,1,0,0,0,1099
0,0,0,1,0,0,1,0,1,1,0,1,1,1,1100
0,0,1,1,1,1,0,0,1,1,1,1,0,1,1101
1,0,0,0,0,1,0,0,1,1,0,0,1,1,1102
0,0,0,1,0,1,0,1,0,0,1,0,0,0,1103
1,0,0,0,0,0,1,0,1,0,0,1,0,0,1104
0,1,0,0,0,0,0,0,1,1,0,1,0,1,1105
0,0,1,1,0,1,0,1,1,0,0,0,0,1,1106
0,0,1,1,0,0,0,1,1,1,0,1,1,1,1107
0,0,1,1,0,0,0,1,1,0,0,1,0,0,1108
0,0,0,0,1,0,1,0,1,0,1,1,1,1,1109
1,0,0,1,0,0,1,0,0,0,0,0,0,1,1110
1,0,0,0,1,0,0,1,1,1,1,0,1,0,1111
0,0,0,0,1,0,0,0,0,1,0,1,0,0,1112
0,0,1,0,0,0,1,1,1,1,0,0,0,1,1113
0,0,1,0,1,1,1,1,1,1,0,1,1,1,1114
1,1,0,0,1,0,0,1,1,1,0,0,0,1,1115
1,0,1,1,1,0,0,1,1,0,1,1,1,1,1116
0,0,1,1,1,1,0,1,1,1,0,1,1,1,1117
1,0,0,0,0,0,1,0,1,1,0,0,0,0,1118
0,1,0,1,1,0,0,0,1,1,0,1,0,0,1119
0,0,0,1,0,0,1,1,1,0,0,1,0,1,1120
0,0,1,0,1,1,0,1,1,1,0,0,1,0,1121
0,0,0,1,1,0,0,0,1,0,0,1,1,1,1122
0,1,1,0,1,0,0,0,1,1,0,1,0,0,1123
1,0,1,1,1,1,1,1,1,1,0,0,1,0,1124
1,0,1,1,0,0,0,1,1,1,1,1,1,1,1125
1,1,1,1,1,0,0,1,1,0,1,1,1,1,1126
1,0,0,0,0,0,1,0,0,1,0,0,0,1,1127
0,0,0,0,1,0,0,1,0,1,0,1,0,1,1128
0,0,0,1,1,1,1,0,0,0,0,1,1,0,1129
0,1,1,1,0,0,0,0,0,1,0,0,1,0,1130
0,0,0,0,1,1,0,0,0,1,0,1,0,1,1131
1,1,0,1,1,0,0,0,1,0,0,1,1,1,1132
0,0,0,0,0,0,1,0,1,1,0,0,0,0,1133
1,0,1,0,0,0,0,0,1,1,1,0,0,1,1134
0,0,1,0,1,1,1,1,1,1,0,1,0,1,1135
0,0,0,1,1,0,0,1,0,1,0,0,1,0,1136
0,0,0,1,0,1,0,0,1,1,0,1,0,1,1137
0,0,1,0,1,1,1,1,1,0,0,0,0,1,1138
1,0,0,0,1,1,0,1,1,0,0,1,1,1,1139
0,0,0,0,0,0,0,1,0,1,0,1,0,1,1140
0,0,1,0,1,0,1,1,1,0,0,0,0,1,1141
0,1,1,0,0,0,1,1,1,1,0,0,0,0,1142
0,1,1,0,0,0,1,1,0,1,0,0,0,0,1143
0,1,1,1,0,1,1,1,1,1,1,0,0,1,1144
0,0,0,1,1,1,0,1,0,1,0,0,0,0,1145
1,0,0,0,0,0,0,1,1,0,0,0,0,0,1146
0,1,0,1,0,0,0,1,1,1,0,1,0,1,1147
0,1,0,1,1,1,1,1,1,0,0,1,0,1,1148
0,0,1,0,0,0,0,0,0,1,0,0,0,0,1149
0,1,0,1,0,0,1,1,1,1,0,0,0,1,1150
0,0,0,0,0,0,0,0,1,1,0,1,1,1,1151
0,0,0,1,0,1,0,1,0,1,0,1,0,1,1152
0,1,1,1,0,1,1,0,0,1,1,0,0,1,1153
0,1,1,0,1,1,1,1,1,1,1,1,0,1,1154
1,0,1,0,1,0,0,0,1,0,1,1,1,1,1155
0,0,0,1,0,0,0,0,0,0,0,1,0,0,1156
1,0,1,0,1,0,0,1,1,1,0,1,0,0,1157
0,0,1,1,1,1,1,1,0,0,0,1,1,1,1158
1,0,0,1,1,1,1,1,1,1,1,1,0,1,1159
1,1,1,0,1,0,0,1,0,1,0,0,0,1,1160
1,1,0,1,1,1,0,1,1,0,0,1,1,1,1161
1,0,0,0,1,1,1,1,1,1,0,1,1,1,1162
1,0,1,0,1,0,0,0,0,1,0,1,0,0,1163
0,0,0,0,1,0,1,0,1,1,0,1,0,0,1164
0,1,1,1,0,0,1,0,0,1,1,0,0,1,1165
1,1,0,1,0,1,0,1,1,1,1,1,0,1,1166
1,0,1,1,1,0,0,1,1,1,0,0,1,1,1167
0,0,1,0,1,0,0,0,1,1,0,1,1,1,1168
0,0,0,0,0,1,1,1,1,0,0,0,1,0,1169
0,0,1,1,1,0,0,1,1,1,0,0,1,1,1170
1,0,1,1,0,0,1,1,1,1,0,0,0,1,1171
0,0,0,1,1,1,1,0,1,0,0,1,1,0,1172
0,1,0,1,0,0,1,0,0,0,0,0,0,1,1173
0,0,0,1,0,1,1,1,1,0,1,0,0,1,1174
0,0,0,0,0,0,0,0,1,0,1,0,0,0,1175
0,0,1,1,1,1,1,1,1,0,1,1,0,1,1176
0,0,0,0,0,1,1,0,0,1,0,0,0,0,1177
0,0,0,1,1,0,1,1,1,1,0,0,0,0,1178
1,0,0,1,1,0,1,1,0,1,0,0,1,1,1179
0,0,0,0,1,0,0,0,0,0,0,0,0,0,1180
0,0,0,0,0,1,1,0,0,1,1,0,0,0,1181
1,1,0,1,1,1,1,0,1,1,0,0,1,0,1182
0,0,0,0,0,0,0,1,1,0,0,1,0,0,1183
0,0,1,1,0,1,0,0,1,0,0,1,0,1,1184
0,1,0,1,0,1,1,0,1,1,1,0,1,0,1185
0,0,0,0,1,1,1,1,1,0,0,0,0,1,1186
1,1,1,0,1,1,0,1,1,1,1,1,1,1,1187
0,0,1,1,0,0,1,1,1,0,0,0,1,0,1188
0,1,0,0,0,1,1,0,1,1,0,0,0,1,1189
0,0,0,1,1,1,1,0,1,1,0,1,1,0,1190
0,1,0,1,0,0,1,1,1,1,0,1,1,1,1191
1,0,1,1,1,0,1,1,1,1,1,1,0,1,1192
1,1,0,1,0,0,0,1,1,1,0,1,1,0,1193
0,0,0,1,0,1,1,1,0,1,1,0,0,1,1194
1,1,1,1,1,0,0,0,1,1,1,0,1,1,1195
0,0,1,0,1,0,0,0,0,0,0,0,0,0,1196
0,1,0,1,1,1,1,1,1,1,1,1,1,1,1197
1,0,0,0,1,1,0,1,1,0,0,1,0,1,1198
1,0,1,1,1,0,1,0,1,1,0,1,1,0,1199
0,1,1,1,0,0,1,1,0,1,0,0,0,1,1200
0,0,0,0,1,1,1,0,1,0,0,0,1,0,1201
0,0,1,1,1,0,1,0,1,1,0,0,1,1,1202
0,0,1,1,0,0,0,0,1,0,0,0,0,0,1203
0,0,0,1,0,1,1,0,1,1,0,1,0,1,1204
1,1,1,0,1,1,1,1,1,1,1,1,1,1,1205
0,0,0,1,1,0,1,0,1,1,0,1,1,0,1206
0,1,0,1,0,0,0,1,0,1,0,0,0,0,1207
0,0,1,1,1,0,1,1,1,1,0,1,1,0,1208
1,0,0,0,0,0,1,0,1,1,0,1,1,1,1209
0,0,0,0,0,0,1,0,1,0,0,1,1,0,1210
1,0,0,1,1,0,0,0,1,1,0,0,0,1,1211
0,0,0,1,0,0,0,1,1,0,0,1,0,1,1212
1,0,0,1,1,0,0,0,1,1,1,1,0,1,1213
0,0,0,1,0,1,0,1,0,1,1,1,0,1,1214
0,0,1,0,1,0,0,1,1,1,0,0,0,1,1215
0,1,0,0,0,0,1,1,1,1,1,1,0,1,1216
0,0,0,1,0,1,0,1,1,1,0,1,1,1,1217
1,1,1,1,1,0,1,1,1,1,1,1,0,1,1218
0,0,0,1,0,0,1,0,1,1,0,1,1,0,1219
1,0,0,1,0,1,0,1,1,1,1,1,0,1,1220
0,0,0,1,1,0,1,1,1,1,0,1,0,0,1221
0,0,0,1,0,0,0,0,1,0,0,1,0,0,1222
0,0,1,1,1,1,1,1,1,1,0,1,0,0,1223
0,0,1,1,1,0,1,1,1,1,1,1,1,0,1224
0,0,1,0,1,0,1,1,1,1,1,1,1,1,1225
0,1,0,0,0,1,0,1,0,0,1,0,0,1,1226
0,0,1,1,1,0,1,0,1,0,0,1,0,1,1227
0,0,1,1,1,1,1,0,1,1,0,1,0,1,1228
1,0,0,1,0,0,0,1,1,1,1,1,1,1,1229
0,1,0,1,1,0,1,0,1,0,0,1,1,0,1230
1,1,0,0,0,0,0,1,0,0,0,0,0,0,1231
0,0,0,1,0,0,0,0,0,1,0,1,1,1,1232
0,0,1,0,0,1,1,1,0,1,0,0,0,0,1233
0,0,0,1,0,1,0,1,1,1,0,1,0,0,1234
1,0,0,1,1,1,0,0,1,1,0,0,0,1,1235
1,0,0,1,1,0,1,1,1,1,0,0,1,0,1236
0,0,0,1,1,1,0,0,1,1,1,1,0,1,1237
1,1,1,0,1,0,1,0,1,1,1,1,1,1,1238
0,0,0,1,0,0,0,1,1,0,0,0,0,1,1239
1,1,1,1,1,1,1,0,1,1,0,1,1,0,1240
1,0,0,0,1,1,0,0,1,0,0,1,1,1,1241
0,0,0,1,1,1,0,1,1,1,1,1,0,0,1242
0,0,0,1,1,0,0,1,1,1,1,1,1,1,1243
0,0,0,0,0,0,0,1,1,1,0,0,0,0,1244
1,0,1,1,1,1,1,0,1,1,0,1,1,0,1245
0,0,0,1,1,0,0,0,1,0,1,1,0,1,1246
1,1,0,1,0,1,1,1,1,1,0,1,1,0,1247
1,0,0,1,1,1,1,1,1,1,0,0,1,0,1248
1,0,0,1,0,1,1,1,0,1,1,0,0,1,1249
0,0,0,0,0,0,1,0,1,0,0,1,0,0,1250
1,0,1,1,1,1,1,1,1,1,1,1,1,0,1251
0,0,0,0,1,0,0,1,1,1,1,1,0,1,1252
0,1,1,1,1,0,1,1,1,1,1,1,1,0,1253
0,0,1,1,1,0,0,1,1,1,0,1,1,0,1254
0,0,1,1,1,0,0,0,1,0,0,1,1,0,1255
0,0,1,0,0,0,0,0,1,0,0,1,0,1,1256
0,1,0,0,0,0,0,0,0,0,0,0,0,1,1257
0,0,1,1,1,0,0,0,1,0,0,1,0,0,1258
0,0,0,1,0,1,1,0,0,0,0,0,0,0,1259
1,0,0,1,1,1,1,0,1,0,0,1,1,1,1260
0,0,0,0,1,0,0,1,1,1,0,0,1,0,1261
1,0,0,0,1,1,1,1,1,1,1,1,1,1,1262
1,1,0,1,1,0,0,0,1,1,1,1,0,1,1263
0,0,0,0,1,0,1,0,0,1,0,0,1,0,1264
0,0,0,1,0,0,0,0,1,0,0,0,0,0,1265
0,0,0,1,0,0,1,0,1,0,0,1,0,0,1266
1,0,0,1,0,1,1,1,1,1,0,0,0,1,1267
1,0,0,0,1,0,0,0,0,1,0,1,1,1,1268
0,0,0,0,0,0,0,0,0,0,0,0,1,0,1269
0,0,0,0,1,1,1,0,1,1,0,0,1,1,1270
1,0,1,1,1,0,0,0,1,1,1,1,1,0,1271
0,0,0,1,1,0,1,0,0,0,0,0,1,0,1272
1,0,0,1,0,0,0,1,1,0,0,1,0,0,1273
0,0,1,1,1,0,1,0,1,0,0,1,1,1,1274
1,0,1,0,0,0,0,0,1,1,1,1,1,1,1275
1,0,0,1,0,0,0,0,1,1,0,0,0,1,1276
1,0,0,1,1,0,0,0,1,0,0,1,0,0,1277
0,0,0,0,1,1,1,0,1,1,1,1,0,1,1278
0,1,0,1,1,1,1,1,1,1,0,1,1,0,1279
0,0,0,0,1,1,1,0,1,1,0,0,0,0,1280
1,0,0,0,1,0,1,1,1,0,0,1,0,1,1281
0,0,0,0,1,0,0,1,1,0,1,1,1,0,1282
0,0,0,0,0,0,1,0,1,1,0,1,1,0,1283
0,0,0,0,1,0,0,1,1,1,0,0,0,1,1284
0,0,0,0,1,1,1,0,1,1,0,0,0,1,1285
0,0,0,0,0,0,0,1,1,0,0,1,1,1,1286
0,0,0,1,0,1,1,1,1,1,0,1,1,0,1287
0,1,1,1,1,0,0,1,1,0,1,1,1,0,1288
0,0,1,1,1,0,0,0,1,0,0,0,1,0,1289
1,0,0,1,1,0,0,1,1,0,0,1,0,1,1290
1,0,0,0,0,0,1,1,1,1,0,0,0,0,1291
1,1,0,1,0,0,0,1,0,1,0,1,0,1,1292
0,0,0,1,1,0,0,0,0,1,0,0,0,0,1293
0,0,0,0,1,1,0,0,1,0,0,1,1,1,1294
1,0,0,0,0,0,0,1,1,1,0,0,1,1,1295
0,0,0,1,1,1,0,0,1,0,0,1,1,1,1296
0,0,1,1,0,0,0,0,0,1,0,0,0,1,1297
0,0,0,0,1,1,0,0,1,1,1,1,0,1,1298
0,0,0,1,1,0,0,0,0,0,0,0,1,0,1299
0,0,0,0,0,1,1,0,1,1,1,1,0,1,1300
0,0,0,1,1,0,0,0,1,0,0,1,0,1,1301
0,0,0,0,1,0,0,0,1,1,1,1,0,1,1302
0,0,0,1,1,0,1,0,0,0,0,1,0,0,1303
1,1,0,1,1,0,0,1,1,0,1,1,1,1,1304
0,1,1,0,0,1,0,1,1,1,1,0,0,1,1305
0,0,0,1,0,1,1,1,1,1,0,0,0,0,1306
0,0,0,0,1,0,1,0,0,0,1,0,1,0,1307
1,0,1,1,1,0,0,0,1,1,1,1,0,1,1308
1,0,0,0,1,0,0,0,0,1,0,0,0,0,1309
0,0,0,0,1,0,1,0,1,1,1,1,0,1,1310
1,1,0,1,0,0,0,0,1,0,0,1,1,1,1311
0,0,0,0,1,0,0,0,1,1,1,1,0,0,1312
0,0,0,1,1,0,1,0,0,1,0,1,1,0,1313
0,0,0,1,0,0,0,0,0,1,0,1,0,1,1314
0,0,1,0,0,0,1,0,0,0,0,0,0,1,1315
0,0,0,1,0,0,1,0,0,1,0,1,0,0,1316
0,0,0,0,0,0,0,0,0,1,0,1,0,1,1317
1,1,1,0,1,0,1,1,1,0,1,1,0,1,1318
1,1,0,1,1,1,0,1,1,0,0,1,0,1,1319
1,1,0,1,0,0,0,1,1,1,0,1,1,1,1320
0,0,0,0,1,1,1,0,1,1,1,0,0,1,1321
0,1,1,1,0,0,1,1,1,1,0,1,0,1,1322
0,0,0,1,1,0,0,0,1,1,1,1,0,1,1323
1,0,0,1,1,1,0,1,1,0,1,1,1,1,1324
1,0,1,0,1,1,0,1,1,1,1,1,0,1,1325
0,1,1,0,0,0,1,0,1,0,1,0,1,1,1326
0,1,0,0,0,0,0,0,1,0,0,1,0,0,1327
0,0,0,1,0,1,1,1,0,1,0,1,0,1,1328
1,0,0,1,0,0,0,1,0,0,0,0,0,1,1329
0,1,1,1,1,0,0,1,1,1,1,1,0,1,1330
0,1,1,1,1,0,0,0,1,1,0,1,1,1,1331
0,0,0,0,0,1,0,0,1,0,0,0,0,0,1332
0,0,1,1,1,1,1,0,1,0,0,1,1,1,1333
0,0,0,1,1,0,0,0,1,1,0,0,0,0,1334
1,1,0,0,1,0,0,1,1,1,0,1,1,0,1335
0,0,0,1,0,0,0,1,1,1,1,1,0,1,1336
0,1,0,1,1,1,1,1,1,0,0,1,1,0,1337
0,0,0,1,1,1,1,1,0,1,0,0,1,1,1338
0,0,0,0,0,0,0,0,0,0,0,1,0,0,1339
0,1,0,1,1,0,1,1,1,1,1,1,1,1,1340
0,1,1,1,0,0,0,1,0,1,0,1,0,1,1341
1,0,0,1,1,1,1,1,1,1,0,1,0,0,1342
0,0,0,0,0,1,1,1,1,1,0,1,0,1,1343
1,1,0,1,1,1,1,1,0,1,0,1,1,1,1344
0,0,1,1,0,0,0,0,1,0,0,1,0,0,1345
1,1,1,1,1,1,1,1,0,1,1,1,1,1,1346
1,0,0,1,1,0,1,1,1,0,0,1,1,0,1347
1,0,1,1,1,1,0,1,1,0,0,1,1,0,1348
1,0,0,1,0,0,1,1,1,1,1,1,0,1,1349
0,0,0,0,0,0,1,0,0,0,0,0,1,0,1350
0,0,0,0,0,1,1,1,0,1,0,0,0,1,1351
0,0,0,0,1,1,1,1,1,0,1,1,0,1,1352
0,0,0,0,0,0,0,1,1,0,0,0,0,1,1353
0,0,1,0,1,0,0,0,1,0,0,0,1,0,1354
0,0,0,1,1,1,0,1,1,0,1,1,1,0,1355
0,1,0,0,1,1,0,1,1,0,0,1,0,1,1356
0,0,1,1,1,0,0,0,1,0,0,1,1,1,1357
0,0,1,0,1,0,0,0,0,1,0,0,0,0,1358
0,0,0,1,0,1,1,1,1,1,0,0,1,1,1359
